<?xml version="1.0"?>
<h:html xmlns="http://www.w3.org/2002/xforms" xmlns:ev="http://www.w3.org/2001/xml-events" xmlns:h="http://www.w3.org/1999/xhtml" xmlns:jr="http://openrosa.org/javarosa" xmlns:odk="http://www.opendatakit.org/xforms" xmlns:orx="http://openrosa.org/xforms" xmlns:xsd="http://www.w3.org/2001/XMLSchema">
  <h:head>
    <h:title>Minprotokoll</h:title>
    <model>
      <itext>
        <translation default="true()" lang="default">
          <text id="/data/allmant/minering_typ/mina:label">
            <value>Enskild Mina</value>
            <value form="image">jr://images/minsymbol.jpg</value>
          </text>
          <text id="/data/allmant/minering_typ/minlinje:label">
            <value>Minlinje</value>
            <value form="image">jr://images/minlinjesymbol.jpg</value>
          </text>
          <text id="/data/allmant/minering_typ/minyta:label">
            <value>Minfält</value>
            <value form="image">jr://images/minfaltsymbol.jpg</value>
          </text>
          <text id="/data/materiel/mintyp/strvm5:label">
            <value>Stridsvagnsmina 5</value>
            <value form="image">jr://images/strvm5.jpg</value>
          </text>
          <text id="/data/materiel/mintyp/strvm6:label">
            <value>Stridsvagnsmina 6</value>
            <value form="image">jr://images/strvm6.jpg</value>
          </text>
          <text id="/data/materiel/mintyp/fomin13:label">
            <value>Fordonsmina 13</value>
            <value form="image">jr://images/fomin13.jpg</value>
          </text>
          <text id="/data/materiel/mintyp/fomin13r:label">
            <value>Fordonsmina 13R</value>
            <value form="image">jr://images/fomin13r.jpg</value>
          </text>
          <text id="/data/materiel/mintyp/fomin14:label">
            <value>Fordonsmina 14</value>
            <value form="image">jr://images/fomin14.jpg</value>
          </text>
          <text id="/data/materiel/mintyp/larmmina:label">
            <value>Larmmina 2</value>
            <value form="image">jr://images/larmmina.jpg</value>
          </text>
          <text id="/data/materiel/mintandare/mt4:label">
            <value>Stridsvagnsmintändare 4</value>
            <value form="image">jr://images/mt4.jpg</value>
          </text>
          <text id="/data/materiel/mintandare/mt15:label">
            <value>Mintändare 15</value>
            <value form="image">jr://images/mt15.jpg</value>
          </text>
          <text id="/data/materiel/mintandare/mt16:label">
            <value>Mintändare 16</value>
            <value form="image">jr://images/mt16.jpg</value>
          </text>
        </translation>
      </itext>
      <instance>
        <data id="minprotokoll" version="2019101101">
          <allmant>
            <minering_beteckning/>
            <minering_datum>now()</minering_datum>
            <minering_typ/>
          </allmant>
          <position>
            <pos_mina/>
            <pos_minlije/>
            <pos_minyta/>
          </position>
          <materiel jr:template="">
            <mintyp/>
            <mintandare/>
            <rojningsskydd>roj_nej</rojningsskydd>
            <antal>1</antal>
          </materiel>
          <extra>
            <foto/>
            <skiss/>
            <anteckning/>
          </extra>
          <meta>
            <instanceID/>
            <instanceName/>
          </meta>
        </data>
      </instance>
      <bind nodeset="/data/allmant/minering_beteckning" type="string"/>
      <bind nodeset="/data/allmant/minering_datum" type="date"/>
      <bind nodeset="/data/allmant/minering_typ" required="true()" type="select1"/>
      <bind nodeset="/data/position/pos_mina" relevant=" /data/allmant/minering_typ  = 'mina'" type="geopoint"/>
      <bind nodeset="/data/position/pos_minlije" relevant=" /data/allmant/minering_typ  = 'minlinje'" type="geotrace"/>
      <bind nodeset="/data/position/pos_minyta" relevant=" /data/allmant/minering_typ  = 'minyta'" type="geoshape"/>
      <bind nodeset="/data/materiel/mintyp" required="true()" type="select1"/>
      <bind nodeset="/data/materiel/mintandare" relevant=" ../mintyp  = 'strvm5'" required="true()" type="select1"/>
      <bind nodeset="/data/materiel/rojningsskydd" relevant=" ../mintyp  = 'strvm5' or  ../mintyp  = 'strvm6'" type="select1"/>
      <bind nodeset="/data/materiel/antal" type="int"/>
      <bind nodeset="/data/extra/foto" type="binary"/>
      <bind nodeset="/data/extra/skiss" type="binary"/>
      <bind nodeset="/data/extra/anteckning" type="string"/>
      <bind jr:preload="uid" nodeset="/data/meta/instanceID" readonly="true()" type="string"/>
      <bind calculate=" /data/allmant/minering_beteckning " nodeset="/data/meta/instanceName" type="string"/>
    </model>
  </h:head>
  <h:body class="pages">
    <group appearance="field-list" ref="/data/allmant">
      <input ref="/data/allmant/minering_beteckning">
        <label>Mineringens beteckning</label>
      </input>
      <input ref="/data/allmant/minering_datum">
        <label>Datum</label>
      </input>
      <select1 appearance="compact" ref="/data/allmant/minering_typ">
        <label>Välj typ av minering</label>
        <item>
          <label ref="jr:itext('/data/allmant/minering_typ/mina:label')"/>
          <value>mina</value>
        </item>
        <item>
          <label ref="jr:itext('/data/allmant/minering_typ/minlinje:label')"/>
          <value>minlinje</value>
        </item>
        <item>
          <label ref="jr:itext('/data/allmant/minering_typ/minyta:label')"/>
          <value>minyta</value>
        </item>
      </select1>
    </group>
    <group appearance="field-list" ref="/data/position">
      <input appearance="placement_map" ref="/data/position/pos_mina">
        <label>Minposition</label>
      </input>
      <input appearance="placement_map" ref="/data/position/pos_minlije">
        <label>Minlinjens position</label>
      </input>
      <input appearance="placement_map" ref="/data/position/pos_minyta">
        <label>Minfätets utsträckning</label>
      </input>
    </group>
    <group ref="/data/materiel">
      <label></label>
      <repeat appearance="field-list" nodeset="/data/materiel">
        <select1 appearance="compact" ref="/data/materiel/mintyp">
          <label>Välj mintyp</label>
          <item>
            <label ref="jr:itext('/data/materiel/mintyp/strvm5:label')"/>
            <value>strvm5</value>
          </item>
          <item>
            <label ref="jr:itext('/data/materiel/mintyp/strvm6:label')"/>
            <value>strvm6</value>
          </item>
          <item>
            <label ref="jr:itext('/data/materiel/mintyp/fomin13:label')"/>
            <value>fomin13</value>
          </item>
          <item>
            <label ref="jr:itext('/data/materiel/mintyp/fomin13r:label')"/>
            <value>fomin13r</value>
          </item>
          <item>
            <label ref="jr:itext('/data/materiel/mintyp/fomin14:label')"/>
            <value>fomin14</value>
          </item>
          <item>
            <label ref="jr:itext('/data/materiel/mintyp/larmmina:label')"/>
            <value>larmmina</value>
          </item>
        </select1>
        <select1 appearance="compact" ref="/data/materiel/mintandare">
          <label>Välj mintändare</label>
          <item>
            <label ref="jr:itext('/data/materiel/mintandare/mt4:label')"/>
            <value>mt4</value>
          </item>
          <item>
            <label ref="jr:itext('/data/materiel/mintandare/mt15:label')"/>
            <value>mt15</value>
          </item>
          <item>
            <label ref="jr:itext('/data/materiel/mintandare/mt16:label')"/>
            <value>mt16</value>
          </item>
        </select1>
        <select1 ref="/data/materiel/rojningsskydd">
          <label>Används röjningsskydd</label>
          <item>
            <label>Ja</label>
            <value>roj_ja</value>
          </item>
          <item>
            <label>Nej</label>
            <value>roj_nej</value>
          </item>
        </select1>
        <input ref="/data/materiel/antal">
          <label>Hur många minor av denna typ</label>
        </input>
      </repeat>
    </group>
    <group appearance="field-list" ref="/data/extra">
      <upload appearance="annotate" mediatype="image/*" ref="/data/extra/foto">
        <label>Lägg till foto</label>
      </upload>
      <upload appearance="draw" mediatype="image/*" ref="/data/extra/skiss">
        <label>Lägg till skiss</label>
      </upload>
      <input ref="/data/extra/anteckning">
        <label>Lägg till anteckning</label>
      </input>
    </group>
  </h:body>
</h:html>
